"","gender","ethnicity","first_name","last_name"
"1",0,2,"Lakalo","Le"
"2",1,6,"Ghuzaila","el-Hammad"
"3",1,2,"Mijoly","Smith"
"4",1,4,"Eurodice","Vargaz-Rodriguez"
"5",0,6,"Maahir","al-Eid"
"6",0,4,"Miguel","Reynolds"
"7",1,2,"Karen","Araki"
"8",0,5,"David","Rudosky"
"9",0,4,"David","Pantoya"
"10",0,1,"Irquois","Janis"
"11",1,6,"Hazeela","al-Salameh"
"12",0,2,"Kin","Ho"
"13",0,6,"Jafar","al-Shaheen"
"14",1,4,"Saray","Martinez Rosales"
"15",0,5,"Joshua","Mundinger"
"16",1,4,"Michelle","Landeros Gonzalez"
"17",0,3,"Ean","Lowry"
"18",1,3,"Chantel","Broadway"
"19",1,4,"Jasmyn","Medina"
"20",1,4,"Carly","Silverio"
"21",0,2,"Benyamin","Moimoi"
"22",0,1,"Michael","Allen"
"23",0,3,"Branden","Brown"
"24",1,4,"Kylei","Trujillo"
"25",1,1,"Sloane","Zamora"
"26",0,3,"Alexander","Comer"
"27",0,1,"Galen","Smith"
"28",0,3,"Marquan","Hull"
"29",1,1,"Brittney","Olguin"
"30",1,4,"Sheila","Quintana"
"31",1,3,"Ellaruth","Mcafee"
"32",0,2,"Steven","Lee"
"33",1,4,"Audrie","Castaneda"
"34",1,6,"Manaahil","el-Khatib"
"35",0,2,"Jared","Schwalger"
"36",0,4,"Juan","Avila-Correa"
"37",0,2,"Charles","Galligan"
"38",1,1,"Kristin","Kreul"
"39",0,6,"Shujaa","el-Hosseini"
"40",1,5,"Elizabeth","Gross"
"41",0,3,"Rashawn","Kennedy"
"42",0,1,"Isiah","Buccieri"
"43",1,4,"Samantha","Gamez-Rascon"
"44",1,6,"Muneefa","al-Qadir"
"45",1,3,"Maya","Williams"
"46",0,1,"Lance","Enriquez-Yanez"
"47",1,2,"Annika","Ardito"
"48",1,3,"Lexess","Granger"
"49",0,5,"Jared","Wright"
"50",0,1,"Richard","Campbell"
"51",1,5,"Brooke","Struckman"
"52",1,3,"Sitey","Hancock"
"53",1,6,"Muntaha","al-Huq"
"54",1,1,"Angelica","Sullivan"
"55",0,4,"Javier","Rojas"
"56",1,1,"Jessica","Massey"
"57",0,2,"Anthony","Tran"
"58",0,5,"Jack","Gosney"
"59",1,3,"Taylor","Bile"
"60",0,4,"Christopher","Morales Diaz"
"61",1,6,"Mujaahida","al-Salam"
"62",1,5,"Bailey","Johnson"
"63",1,1,"Josie","Alex"
"64",1,1,"Ashley","Crawleigh"
"65",0,5,"Tyler","Foth"
"66",1,6,"Adeeba","el-Ismael"
"67",1,6,"Zaaida","al-Adel"
"68",0,6,"Bassil","el-Yousif"
"69",0,6,"Salaah","el-Bahri"
"70",0,1,"Justin","Snyder-Jones"
"71",0,3,"Michael","Green"
"72",1,5,"Ekaterina","Lewis"
"73",1,3,"Addis","Fields"
"74",1,5,"Nicole","Davis"
"75",1,3,"Tanisha","Ross"
"76",0,2,"Alex","You"
"77",0,5,"Joshua","Lehardy"
"78",0,3,"Reuben","Taggart"
"79",1,5,"Kyrie","Parker"
"80",0,3,"Maurice","Mayo"
"81",0,6,"Ashraf","el-Barakat"
"82",1,4,"Cristina","Salazar"
"83",1,1,"Danzig","Damiana"
"84",1,5,"Brittany","Warren"
"85",1,2,"Alyssa","Brown"
"86",1,4,"Anahi","Quintana"
"87",1,3,"Courtney","Johnson"
"88",1,6,"Nabeela","al-Pour"
"89",1,5,"Paige","Callan"
"90",0,6,"Muneer","al-Meer"
"91",0,3,"Jody","Smith"
"92",1,4,"Daisy","Herrera"
"93",1,2,"Alysse","Le"
"94",1,6,"Mujaahida","el-Shareef"
"95",0,3,"Kerry","Barela Evans"
"96",0,6,"Aasim","el-Aslam"
"97",1,5,"Jami","Armstrong"
"98",1,2,"Kathleena","Chen"
"99",1,1,"Michelle","Jarrell"
"100",1,1,"Cheyenne","Tarango Sandoval"
"101",0,3,"Tylur","Harris"
"102",1,6,"Ameena","el-Ghattas"
"103",0,5,"John","Mcvey"
"104",1,1,"Deliah","Adams"
"105",0,6,"Aabdeen","el-Salek"
"106",0,1,"Santos","Mullins"
"107",0,3,"Moses","Reda-Arefaine"
"108",1,3,"Rhianna","Wigfall"
"109",0,4,"Isaiah","Hernandez"
"110",1,6,"Ramza","al-Mostafa"
"111",1,6,"Haseena","al-Amir"
"112",1,1,"Nicole","Plummer"
"113",1,1,"D'Ahnya","Cox"
"114",1,3,"Jamie","Cheatham"
"115",1,2,"Vanessa","Le"
"116",0,6,"Haitham","al-Mahmud"
"117",0,5,"Brandon","Lipsky"
"118",0,3,"Deangelo","Fuller"
"119",1,3,"Jasmine","Scurlock"
"120",0,6,"Sultan","al-Hatem"
"121",1,5,"Haley","Gocio"
"122",0,4,"Loren","Thomas"
"123",0,1,"Nathan","Cabral"
"124",1,2,"Da Som","Tran"
"125",0,4,"Noel","Soto"
"126",0,6,"Mutlaq","al-Hamed"
"127",1,4,"Marlenie","Maes"
"128",0,4,"Shaun","Delgiudice"
"129",1,4,"Sandra","Carbajal Molina"
"130",0,4,"Sebastian","Archuleta"
"131",1,5,"Ashley","Hochhauser"
"132",0,1,"Colter","Blackbear"
"133",0,5,"Scott","Canup"
"134",0,3,"Jermaine","Williams"
"135",1,1,"Tyreisha","Johnson"
"136",0,3,"Azlan","Talley"
"137",1,2,"Morgan","Yeh"
"138",0,3,"Tyreik","Taylor"
"139",1,2,"Susanna","Lin"
"140",0,4,"Ramon","Andersen"
"141",0,6,"Faaiq","el-Usman"
"142",1,6,"Taamira","al-Rizk"
"143",0,6,"Miqdaam","el-Kazi"
"144",1,6,"Adeeba","el-Abdella"
"145",1,6,"Nazeeha","al-Ramin"
"146",1,5,"Cynthia","Swiatek"
"147",0,4,"Demario","Gomez-Acosta"
"148",1,3,"Olivia","Chan"
"149",1,1,"Ariana","Lindsey"
"150",0,4,"Rene","Arredondo"
"151",1,1,"Jesse","Atene"
"152",0,2,"Paul","Vo"
"153",1,5,"Cynthia","Baker"
"154",0,6,"Raaji","al-Jafari"
"155",1,1,"Paulina","Lewis"
"156",1,5,"Destiny","Morgan"
"157",1,2,"Christine","Lewis"
"158",0,3,"Rickey","Powell"
"159",1,6,"Shameema","al-Yassin"
"160",1,6,"Nada","el-Dallal"
"161",1,1,"Shalynn","Roberts"
"162",1,6,"Sulama","al-Latif"
"163",1,4,"Viviana","Whitaker"
"164",0,5,"Garrett","Sinclair"
"165",1,6,"Ulyaa","al-Hadi"
"166",1,2,"Sarah","La"
"167",1,3,"Dominique","Stephenson"
"168",1,2,"Kieu","Kang"
"169",0,1,"Christian","Samoy"
"170",1,1,"Eloyita","Creel"
"171",0,1,"Isaac","Verde"
"172",0,3,"Jonathan","Harris"
"173",1,5,"Maggie","Michels"
"174",0,1,"Tre","Howard"
"175",1,2,"Tuyet","Santos"
"176",1,2,"Samantha","Huynh"
"177",1,2,"Chasity","Disney"
"178",0,5,"Christopher","Freiwald"
"179",1,3,"Jasmine","Hardiman-Walker"
"180",0,2,"Laird","Chu"
"181",1,2,"Destiny","Nguyen"
"182",1,6,"Azeema","al-Mahmoud"
"183",0,1,"Antonio","Tillman"
"184",0,2,"Mark","Lee"
"185",1,6,"Wardiyya","el-Irani"
"186",1,1,"Jenelle","Bruner"
"187",1,3,"Gabriella","Suits"
"188",1,2,"Nisa","Lor"
"189",1,6,"Raabiya","al-Ghani"
"190",0,3,"Jonathan","Maxson"
"191",1,5,"Rebecca","Arnett"
"192",1,3,"Carrie","Davis"
"193",0,2,"Sang","Oyama"
"194",1,3,"Jessica","Cook"
"195",0,6,"Sharaf","al-Rais"
"196",1,4,"Brenda","Pina Morones"
"197",1,4,"Haley","Lucero"
"198",1,5,"Sierra","Nowak"
"199",1,4,"Maria","Castillo"
"200",1,1,"Carsen","Miller"
"201",1,3,"Raquel","Hathaway"
"202",0,6,"Farajallah","el-Sani"
"203",0,4,"Angelo","Nunez"
"204",1,5,"Emily","Hoffarth"
"205",1,2,"Cindy","Gaitonde"
"206",0,5,"Franklin","O'Conner"
"207",0,3,"Antonio","Arrington"
"208",0,6,"Alawi","el-Hamdan"
"209",0,5,"Bryan","Sibley"
"210",0,5,"Trace","Durbin"
"211",0,6,"Aatif","el-Wali"
"212",0,3,"Masud","Haliburton"
"213",1,2,"Tran","Thang"
"214",1,3,"Tiara","Mcghee"
"215",0,6,"Dhaki","el-Lone"
"216",1,6,"Wasmaaa","el-Abbas"
"217",1,4,"Amanda","Vargas"
"218",0,2,"Connor","Chimedtseren"
"219",0,6,"Mutlaq","al-Vohra"
"220",1,5,"Jessica","Mckenzie"
"221",1,5,"Courtney","Van Essen"
"222",1,4,"Jorge","Duke"
"223",0,4,"Brian","Garcia Munoz"
"224",0,6,"Jafar","el-Sesay"
"225",1,1,"Danni","Shea"
"226",1,4,"Yvette","Garcia Ibarra"
"227",1,3,"Arnasya","Bedford"
"228",0,3,"David","Byrd"
"229",0,2,"Henry","Kim"
"230",0,6,"Shaddaad","al-Riaz"
"231",1,3,"Zhane","Newton"
"232",1,3,"Yashira","Cox-Robinson"
"233",1,2,"Jordan","Delger"
"234",1,1,"Marissa","Tohtsonie"
"235",0,4,"Freddy","Rivera"
"236",0,6,"Kameel","el-Shehata"
"237",0,1,"Ethan","Berg"
"238",1,1,"Miranda","Laner"
"239",0,2,"Rick","King"
"240",0,4,"Timothy","Gomez"
"241",0,2,"Daniel","Periquet"
"242",1,4,"Gloria","Santistevan"
"243",0,4,"Esi","Velasquez"
"244",0,4,"Cupertino","Ortega"
"245",0,2,"Bryan","Choi"
"246",0,3,"Joshua","Soto"
"247",1,6,"Musheera","el-Taha"
"248",1,3,"Desirrae","Dabney"
"249",0,1,"Dakota","Carroll"
"250",0,6,"Basheer","al-Sharaf"
"251",0,1,"Deion","Johnson"
"252",0,6,"Daif","el-Abdulla"
"253",1,3,"Precious","Lane"
"254",0,3,"Elijah","Hazard"
"255",1,4,"Elida","Cruz"
"256",0,1,"Lee","Miles"
"257",0,2,"Anthony","Jeong"
"258",0,3,"Shawnte","Sullivan"
"259",1,1,"Domonique","Sago"
"260",1,3,"Patricia","Wright-Stanford"
"261",1,1,"Tiffany","Johnson"
"262",0,5,"Bryce","Labonde"
"263",1,5,"Kassandra","Geisterfer"
"264",1,2,"Young","Buras"
"265",1,2,"Kuan","Ross"
"266",1,3,"Seana","Messle"
"267",0,5,"Brandon","Moseley"
"268",0,2,"Jims Abraham","Gist"
"269",1,3,"Katelyn","Davis"
"270",1,6,"Samraa","al-Bahri"
"271",1,3,"Selamawit","Williams"
"272",0,1,"Nicolas","Sky"
"273",1,5,"Eleanor","Cobb"
"274",1,6,"Iffat","al-Saeed"
"275",0,5,"Kyle","Capaldo"
"276",0,5,"Logan","Garfield"
"277",1,2,"Gavriel","Silver"
"278",0,4,"Esteban","Cordova"
"279",0,5,"Dominic","Ryan"
"280",0,3,"Brandyn","Leach"
"281",1,5,"Chrystal","Fonseca"
"282",1,4,"Sandibel","Garcia"
"283",0,5,"Dillon","Slade"
"284",0,1,"Elijah","Boisselle"
"285",1,2,"Bayarjargal","Sun"
"286",1,4,"Janese","Castro"
"287",1,5,"Ruby","Hensel"
"288",0,6,"Abdul Baari","el-Jamil"
"289",0,6,"Uthmaa N","al-Hussain"
"290",1,4,"Daysy","Quintana"
"291",1,4,"Mariela","Velasquez"
"292",0,5,"Jake","Steckler"
"293",1,3,"Hershelle","Bufkin"
"294",1,1,"Allison","Milasincic"
"295",1,4,"Vennessa","Nunez"
"296",1,5,"Lerrey","Burnham"
"297",1,4,"Jennifer","Hammond"
"298",1,4,"Alexandria","Morales"
"299",1,2,"Juliet","Ferguson"
"300",0,2,"Trevor","Nakai"
"301",0,5,"Torben","Sindt"
"302",1,3,"Necol","Jones"
"303",0,4,"Antonio","Diaz"
"304",0,6,"Talha","al-Hameed"
"305",1,1,"Kaylie","Busby"
"306",0,4,"Isaac","Boror-Gonzalez"
"307",1,4,"Rubi","Luna"
"308",0,3,"Jerrod","Jones"
"309",1,2,"Yer","Nakata"
"310",0,2,"Ho Gon","Kodani"
"311",0,2,"Gary","Kim"
"312",1,4,"Brenda","Gutierrez"
"313",1,2,"Young Joo","Thach"
"314",1,3,"Paulina","Brown"
"315",1,1,"Carly","Rohrkaste"
"316",0,6,"Ismaeel","al-Hamid"
"317",0,3,"Anthony","Robinson"
"318",1,2,"Bianca","Lee"
"319",0,4,"Adrian","Zubia"
"320",1,2,"Tanay","Josiah"
"321",1,4,"Cecilia","Romero"
"322",1,1,"Brittany","Dance"
"323",1,5,"Mariah","Rasmussen"
"324",0,5,"William","Erickson"
"325",0,5,"Ethan","Nolting"
"326",1,5,"Kelsey","Reilly"
"327",0,2,"Abhinav","Mahat"
"328",1,1,"Cheyenne","Kuebler"
"329",1,4,"Stephanie","Calderon Nava"
"330",1,2,"Hannah","Prak"
"331",0,4,"Abel","Aragon"
"332",1,2,"Da Som","Vongvichith"
"333",0,4,"Ryne","Lucero"
"334",0,1,"Travis","Jarvis"
"335",0,2,"Jun","Semp"
"336",1,4,"Emma","Muniz"
"337",1,5,"Morgan","Roberson"
"338",1,3,"Chenell","Clanton"
"339",0,3,"Casimer","Hawkins"
"340",0,1,"Brandon","Herde"
"341",1,2,"Teresa","Noa"
"342",1,3,"Shakira","Brooks"
"343",0,5,"Robert","Scott"
"344",1,1,"Marisa","Yates"
"345",0,1,"Justin","Blevans"
"346",1,3,"Kaelah","Abdul-Wali"
"347",1,6,"Najwa","al-Gad"
"348",0,2,"Matthew","Nguyen"
"349",1,3,"Nyiela","Pegues"
"350",1,3,"Nikita","Davis"
"351",0,1,"Issac","Barela"
"352",1,2,"Chau","Manganello"
"353",0,4,"Daniel","Venzor-Carmona"
"354",0,5,"David","Elliott"
"355",1,2,"Blia","Larson"
"356",1,5,"Shyenne","Nichols"
"357",0,4,"Gabino","Jasinto"
"358",1,2,"Valerie","Garman"
"359",1,3,"Brea","Nweke"
"360",0,4,"Jose","Valdez-Refugio"
"361",1,3,"Niqia","Hawkins"
"362",0,4,"Juan","Benavidez"
"363",0,1,"Tanner","Kearns"
"364",1,5,"Hayley","Mancini"
"365",1,4,"Irma","Kellogg"
"366",1,2,"Meilani","Van"
"367",1,3,"Jacqulyn","Jones"
"368",0,2,"Andrew","Krishnan"
"369",0,5,"William","Brennan"
"370",1,4,"Domeka","Suazo"
"371",0,3,"Tevin","Harris"
"372",1,4,"Desiree","Carreon"
"373",0,4,"Harol","Molina"
"374",1,4,"Julia","Gonzales"
"375",1,6,"Naqaa","al-Salman"
"376",0,6,"Husaam","al-Sulaiman"
"377",1,1,"Davianna","Anderson"
"378",1,1,"Jacqueline","Whipple"
"379",0,5,"Timothy","Elliott"
"380",1,1,"Angelique","Labishak"
"381",0,1,"Zachery","Alarid"
"382",1,5,"Tyann","Robertson"
"383",1,4,"Kaitlyn","Hernandez"
"384",0,1,"Jared","Rodriguez"
"385",0,2,"Jeffrey","Song"
"386",0,3,"Malik","Langston"
"387",1,1,"Willanna","Whisler"
"388",1,3,"Diselle","Smith"
"389",0,3,"Michael","Horne"
"390",0,1,"Jacob","Manzo"
"391",1,6,"Ramza","al-Aziz"
"392",0,1,"Jacob","Baker"
"393",1,4,"Daniela","Horvat"
"394",1,3,"Nekyla","Cole-Hassell"
"395",0,4,"Moises","Osuna"
"396",0,2,"Elijah","Sampson"
"397",0,1,"Tevin","Joe"
"398",1,5,"Ashley","Stanton"
"399",1,1,"Shayla","Andrews"
"400",0,2,"Dong-Keun","Pullen"
"401",0,2,"Gienry","Agrawal"
"402",0,4,"Luis","Jabalera"
"403",0,2,"Que","Singh"
"404",1,1,"Alexandrea","Viner"
"405",0,1,"Brandon","Croteau"
"406",0,6,"Ya'eesh","el-Raad"
"407",0,2,"David","Potluri"
"408",1,4,"Diana","Torres"
"409",1,1,"Brenna","Bancroft"
"410",1,1,"Barbara","Kennon"
"411",1,1,"Shailyn","Koskovich"
"412",1,4,"Sindy","Flores"
"413",1,6,"Saleema","el-Rashed"
"414",1,4,"Karla","Martinez"
"415",1,4,"Diana","Orozco"
"416",1,4,"Brenda","Walker"
"417",0,3,"Barima","Talley"
"418",0,2,"Woo Bin","Gnanasegeran"
"419",0,2,"Ji","Pham"
"420",1,2,"Joann","Lee"
"421",0,6,"Abdur Rasheed","el-Molla"
"422",1,2,"Emily","Tiburcio"
"423",1,5,"Emily","Vance"
"424",0,3,"Mondray","Smith"
"425",1,3,"Karina","Tekle"
"426",0,1,"Jacob","Granados Garcia"
"427",0,3,"De Ondre","Neal"
"428",1,6,"Farhaana","al-Saleh"
"429",1,4,"Thalia","Ramirez"
"430",1,3,"Daisha","Thompson"
"431",1,4,"Chisa","Jiron"
"432",1,6,"Safwa","al-Hoda"
"433",0,3,"Marsalis","Krien"
"434",1,2,"Eun-Ji","Bajwa"
"435",1,3,"Tia","Wheaten"
"436",1,5,"Amber","Sanfelice"
"437",0,1,"Donovan","Montoya"
"438",0,3,"Darion","Dixon"
"439",1,2,"Tessa","Angeles"
"440",0,6,"Mazeed","al-Qadir"
"441",0,2,"Jasper","Autterson"
"442",0,6,"Ismaeel","al-Siddique"
"443",1,6,"Marzooqa","al-Popal"
"444",0,1,"Fabian","Hansen"
"445",1,4,"Faviola","Tamez"
"446",1,4,"Denise","Sanchez"
"447",1,4,"Micaela","Pacheco"
"448",1,5,"Rachel","Etzenhouser"
"449",0,4,"Elmer","Madrid"
"450",1,3,"Gloria","Isaac"
"451",0,5,"Branden","Caswell"
"452",1,6,"Ahlaam","al-Sheikh"
"453",1,3,"Lerria","Hardin"
"454",1,6,"Rabdaa","el-Salik"
"455",0,3,"Ari'Yon","Kirwin-Ware"
"456",1,4,"Savannah","Gonzalez"
"457",0,3,"Haben","Galassini"
"458",1,4,"Danika","Rivas"
"459",1,2,"Taylor","Falor"
"460",1,4,"Nautica","Medina Juarez"
"461",0,2,"Tuan","Nam"
"462",0,3,"Phillip","Nwairo"
"463",0,4,"Christopher","Bahns"
"464",0,2,"Jonathan","Mullinax"
"465",0,3,"Kashion","Bessard"
"466",0,5,"Brandon","Murphy"
"467",0,1,"William","Tsosie"
"468",1,6,"Hamdoona","el-Malak"
"469",1,3,"Shannon","Mathis"
"470",0,3,"Thadduse","Walker"
"471",1,6,"Raafida","al-Azizi"
"472",1,3,"Shekirah","Mcmillan"
"473",1,1,"Kalyn","Williams"
"474",1,4,"Alma","Casarez"
"475",0,5,"Joshua","Batten"
"476",1,6,"Sadeeda","al-Maroun"
"477",1,5,"Keely","Boehm"
"478",0,4,"Jon","Esquivel"
"479",1,1,"Ashleigh","Dalke"
"480",0,5,"Lucas","Langland"
"481",1,6,"Wajdiyya","al-Laham"
"482",0,4,"Alexander","Hernandez"
"483",1,1,"Jessica","Guzman"
"484",0,1,"Derrick","Gloyd"
"485",1,5,"Jaylyn","Huck"
"486",1,3,"Summer","Graves"
"487",0,5,"Patrick","Trujillo"
"488",1,6,"Hazeela","al-Abbas"
"489",0,5,"Erik","Weiner"
"490",0,3,"Chrant","Reese"
"491",1,3,"Sierra","Muluneh"
"492",0,4,"Evin","Vigil"
"493",0,2,"Sung-Jin","Do"
"494",1,4,"Mariana","Malpica"
"495",1,2,"Cassidy","Medina"
"496",0,3,"Darien","Proctor"
"497",1,4,"Ashley","Komaba Yanez"
"498",1,1,"Sara","Lee"
"499",1,3,"Brianna","Mccoo"
"500",0,2,"Mitchell","Zhang"
